{"blocks":[{"x":1500,"y":530,"text":"Конец","width":100,"height":30,"type":"Начало / конец","isMenuBlock":false,"fontSize":14,"textHeight":14,"isBold":false,"isItalic":false,"textAlign":"center","labelsPosition":1},{"x":1400,"y":450,"text":"Точка вне области","width":120,"height":40,"type":"Ввод / вывод","isMenuBlock":false,"fontSize":14,"textHeight":14,"isBold":false,"isItalic":false,"textAlign":"center","labelsPosition":1},{"x":1600,"y":460,"text":"Точка в области","width":120,"height":40,"type":"Ввод / вывод","isMenuBlock":false,"fontSize":14,"textHeight":14,"isBold":false,"isItalic":false,"textAlign":"center","labelsPosition":1},{"x":1500,"y":370,"text":"x²+y²≤ R^2 &&\n|x| + |y| > R/sqrt(2)","width":160,"height":80,"type":"Условие","isMenuBlock":false,"fontSize":14,"textHeight":14,"isBold":false,"isItalic":false,"textAlign":"center","labelsPosition":1},{"x":1500,"y":280,"text":"Ввод x, y, R","width":120,"height":40,"type":"Ввод / вывод","isMenuBlock":false,"fontSize":14,"textHeight":14,"isBold":false,"isItalic":false,"textAlign":"center","labelsPosition":1},{"x":1500,"y":200,"text":"Начало","width":100,"height":30,"type":"Начало / конец","isMenuBlock":false,"fontSize":14,"textHeight":14,"isBold":false,"isItalic":false,"textAlign":"center","labelsPosition":1}],"arrows":[{"startIndex":5,"endIndex":4,"startConnectorIndex":2,"endConnectorIndex":0,"nodes":[{"x":1500,"y":215},{"x":1500,"y":240},{"x":1500,"y":260}],"counts":[1,1,1]},{"startIndex":4,"endIndex":3,"startConnectorIndex":2,"endConnectorIndex":0,"nodes":[{"x":1500,"y":300},{"x":1500,"y":310},{"x":1500,"y":330}],"counts":[1,1,1]},{"startIndex":3,"endIndex":2,"startConnectorIndex":1,"endConnectorIndex":0,"nodes":[{"x":1580,"y":370},{"x":1600,"y":370},{"x":1600,"y":420},{"x":1600,"y":440}],"counts":[1,1,1,1]},{"startIndex":3,"endIndex":1,"startConnectorIndex":3,"endConnectorIndex":0,"nodes":[{"x":1420,"y":370},{"x":1400,"y":370},{"x":1400,"y":410},{"x":1400,"y":430}],"counts":[1,1,1,1]},{"startIndex":1,"endIndex":0,"startConnectorIndex":2,"endConnectorIndex":0,"nodes":[{"x":1400,"y":470},{"x":1400,"y":500},{"x":1500,"y":500},{"x":1500,"y":515}],"counts":[1,1,1,1]},{"startIndex":2,"endIndex":0,"startConnectorIndex":2,"endConnectorIndex":0,"nodes":[{"x":1600,"y":480},{"x":1600,"y":500},{"x":1500,"y":500},{"x":1500,"y":515}],"counts":[1,1,1,1]}],"x0":-1280,"y0":-137.5}