{"blocks":[{"x":1500,"y":200,"text":"Начало","width":100,"height":30,"type":"Начало / конец","isMenuBlock":false,"fontSize":14,"textHeight":14,"isBold":false,"isItalic":false,"textAlign":"center","labelsPosition":1},{"x":1500,"y":260,"text":"Ввод x, y, R","width":120,"height":40,"type":"Ввод / вывод","isMenuBlock":false,"fontSize":14,"textHeight":14,"isBold":false,"isItalic":false,"textAlign":"center","labelsPosition":1},{"x":1500,"y":330,"text":"x²+y²≤ R^2 ","width":100,"height":40,"type":"Условие","isMenuBlock":false,"fontSize":14,"textHeight":14,"isBold":false,"isItalic":false,"textAlign":"center","labelsPosition":1},{"x":1500,"y":560,"text":"Конец","width":100,"height":30,"type":"Начало / конец","isMenuBlock":false,"fontSize":14,"textHeight":14,"isBold":false,"isItalic":false,"textAlign":"center","labelsPosition":1},{"x":1500,"y":410,"text":"y > |x| ∨ y < -|x|","width":120,"height":60,"type":"Условие","isMenuBlock":false,"fontSize":14,"textHeight":14,"isBold":false,"isItalic":false,"textAlign":"center","labelsPosition":1},{"x":1580,"y":480,"text":"Точка в области","width":120,"height":40,"type":"Ввод / вывод","isMenuBlock":false,"fontSize":14,"textHeight":14,"isBold":false,"isItalic":false,"textAlign":"center","labelsPosition":1},{"x":1420,"y":480,"text":"Точка вне области","width":120,"height":40,"type":"Ввод / вывод","isMenuBlock":false,"fontSize":14,"textHeight":14,"isBold":false,"isItalic":false,"textAlign":"center","labelsPosition":1}],"arrows":[{"startIndex":0,"endIndex":1,"startConnectorIndex":2,"endConnectorIndex":0,"nodes":[{"x":1500,"y":215},{"x":1500,"y":220},{"x":1500,"y":240}],"counts":[1,1,1]},{"startIndex":1,"endIndex":2,"startConnectorIndex":2,"endConnectorIndex":0,"nodes":[{"x":1500,"y":280},{"x":1500,"y":290},{"x":1500,"y":310}],"counts":[1,1,1]},{"startIndex":2,"endIndex":4,"startConnectorIndex":1,"endConnectorIndex":0,"nodes":[{"x":1550,"y":330},{"x":1570,"y":330},{"x":1570,"y":360},{"x":1500,"y":360},{"x":1500,"y":380}],"counts":[1,1,1,1,1]},{"startIndex":4,"endIndex":6,"startConnectorIndex":3,"endConnectorIndex":0,"nodes":[{"x":1440,"y":410},{"x":1420,"y":410},{"x":1420,"y":440},{"x":1420,"y":460}],"counts":[1,1,1,1]},{"startIndex":4,"endIndex":5,"startConnectorIndex":1,"endConnectorIndex":0,"nodes":[{"x":1560,"y":410},{"x":1580,"y":410},{"x":1580,"y":440},{"x":1580,"y":460}],"counts":[1,1,1,1]},{"startIndex":5,"endIndex":3,"startConnectorIndex":2,"endConnectorIndex":0,"nodes":[{"x":1580,"y":500},{"x":1580,"y":530},{"x":1500,"y":530},{"x":1500,"y":545}],"counts":[1,1,1,1]},{"startIndex":6,"endIndex":3,"startConnectorIndex":2,"endConnectorIndex":0,"nodes":[{"x":1420,"y":500},{"x":1420,"y":530},{"x":1500,"y":530},{"x":1500,"y":545}],"counts":[1,1,1,1]},{"startIndex":2,"endIndex":6,"startConnectorIndex":3,"endConnectorIndex":0,"nodes":[{"x":1450,"y":330},{"x":1420,"y":330},{"x":1420,"y":440},{"x":1420,"y":460}],"counts":[1,1,1,1]}],"x0":-3753.25,"y0":-675}