{"blocks":[{"x":700,"y":580,"text":"Вывод значений x, y","width":140,"height":40,"type":"Ввод / вывод","isMenuBlock":false,"fontSize":14,"textHeight":14,"isBold":false,"isItalic":false,"textAlign":"center","labelsPosition":1},{"x":700,"y":390,"text":"x от x0 до или равно xk","width":160,"height":40,"type":"Цикл for","isMenuBlock":false,"fontSize":14,"textHeight":14,"isBold":false,"isItalic":false,"textAlign":"center","labelsPosition":1},{"x":700,"y":450,"text":"x ≤ xk","width":100,"height":40,"type":"Условие","isMenuBlock":false,"fontSize":14,"textHeight":14,"isBold":false,"isItalic":false,"textAlign":"center","labelsPosition":1},{"x":700,"y":270,"text":"Задание постоянных значений,\nx0 = 2.0, xk = 3.0, h = 0.1","width":220,"height":40,"type":"Блок","isMenuBlock":false,"fontSize":14,"textHeight":14,"isBold":false,"isItalic":false,"textAlign":"center","labelsPosition":1},{"x":700,"y":210,"text":"Начало","width":100,"height":30,"type":"Начало / конец","isMenuBlock":false,"fontSize":14,"textHeight":14,"isBold":false,"isItalic":false,"textAlign":"center","labelsPosition":1},{"x":700,"y":520,"text":"Подсчет очередного значения y\ny = 3*sin(sqrt(x)) +0.35*x-3.5","width":220,"height":40,"type":"Блок","isMenuBlock":false,"fontSize":14,"textHeight":14,"isBold":false,"isItalic":false,"textAlign":"center","labelsPosition":1},{"x":700,"y":660,"text":"Конец","width":100,"height":30,"type":"Начало / конец","isMenuBlock":false,"fontSize":14,"textHeight":14,"isBold":false,"isItalic":false,"textAlign":"center","labelsPosition":1},{"x":700,"y":330,"text":"Вывод заголовка таблицы","width":180,"height":40,"type":"Ввод / вывод","isMenuBlock":false,"fontSize":14,"textHeight":14,"isBold":false,"isItalic":false,"textAlign":"center","labelsPosition":1}],"arrows":[{"startIndex":4,"endIndex":3,"startConnectorIndex":2,"endConnectorIndex":0,"nodes":[{"x":700,"y":225},{"x":700,"y":230},{"x":700,"y":250}],"counts":[1,1,1]},{"startIndex":3,"endIndex":7,"startConnectorIndex":2,"endConnectorIndex":0,"nodes":[{"x":700,"y":290},{"x":700,"y":290},{"x":700,"y":310}],"counts":[1,1,1]},{"startIndex":7,"endIndex":1,"startConnectorIndex":2,"endConnectorIndex":0,"nodes":[{"x":700,"y":350},{"x":700,"y":350},{"x":700,"y":370}],"counts":[1,1,1]},{"startIndex":1,"endIndex":2,"startConnectorIndex":2,"endConnectorIndex":0,"nodes":[{"x":700,"y":410},{"x":700,"y":410},{"x":700,"y":430}],"counts":[1,1,1]},{"startIndex":2,"endIndex":5,"startConnectorIndex":1,"endConnectorIndex":0,"nodes":[{"x":750,"y":450},{"x":770,"y":450},{"x":770,"y":480},{"x":700,"y":480},{"x":700,"y":500}],"counts":[1,1,1,1,1]},{"startIndex":5,"endIndex":0,"startConnectorIndex":2,"endConnectorIndex":0,"nodes":[{"x":700,"y":540},{"x":700,"y":540},{"x":700,"y":560}],"counts":[1,1,1]},{"startIndex":0,"endIndex":1,"startConnectorIndex":2,"endConnectorIndex":0,"nodes":[{"x":700,"y":600},{"x":700,"y":620},{"x":820,"y":620},{"x":820,"y":360},{"x":700,"y":360},{"x":700,"y":370}],"counts":[1,1,1,1,1,1]},{"startIndex":2,"endIndex":6,"startConnectorIndex":3,"endConnectorIndex":0,"nodes":[{"x":650,"y":450},{"x":580,"y":450},{"x":580,"y":630},{"x":700,"y":630},{"x":700,"y":645}],"counts":[1,1,1,1,1]}],"x0":400.2818436393936,"y0":-284.2967383322174}