{"blocks":[{"x":1700,"y":180,"text":"Начало","width":100,"height":30,"type":"Начало / конец","isMenuBlock":false,"fontSize":14,"textHeight":14,"isBold":false,"isItalic":false,"textAlign":"center","labelsPosition":1},{"x":1700,"y":240,"text":"Здание начальных\nзначений a = 1000, b = 1","width":180,"height":40,"type":"Блок","isMenuBlock":false,"fontSize":14,"textHeight":14,"isBold":false,"isItalic":false,"textAlign":"center","labelsPosition":1},{"x":1700,"y":380,"text":"i < 6","width":100,"height":40,"type":"Условие","isMenuBlock":false,"fontSize":14,"textHeight":14,"isBold":false,"isItalic":false,"textAlign":"center","labelsPosition":1},{"x":1700,"y":450,"text":"i == 0","width":100,"height":40,"type":"Условие","isMenuBlock":false,"fontSize":14,"textHeight":14,"isBold":false,"isItalic":false,"textAlign":"center","labelsPosition":1},{"x":1700,"y":530,"text":"Вывод начальных \nзначений a b","width":160,"height":40,"type":"Ввод / вывод","isMenuBlock":false,"fontSize":14,"textHeight":14,"isBold":false,"isItalic":false,"textAlign":"center","labelsPosition":1},{"x":1700,"y":610,"text":"Вывод значений\na b на итерации i","width":120,"height":40,"type":"Ввод / вывод","isMenuBlock":false,"fontSize":14,"textHeight":14,"isBold":false,"isItalic":false,"textAlign":"center","labelsPosition":1},{"x":1700,"y":320,"text":"i от 0 до 6","width":100,"height":40,"type":"Цикл for","isMenuBlock":false,"fontSize":14,"textHeight":14,"isBold":false,"isItalic":false,"textAlign":"center","labelsPosition":1},{"x":1700,"y":730,"text":"Конец","width":100,"height":30,"type":"Начало / конец","isMenuBlock":false,"fontSize":14,"textHeight":14,"isBold":false,"isItalic":false,"textAlign":"center","labelsPosition":1}],"arrows":[{"startIndex":6,"endIndex":2,"startConnectorIndex":2,"endConnectorIndex":0,"nodes":[{"x":1700,"y":340},{"x":1700,"y":340},{"x":1700,"y":360}],"counts":[1,1,1]},{"startIndex":2,"endIndex":3,"startConnectorIndex":1,"endConnectorIndex":0,"nodes":[{"x":1750,"y":380},{"x":1770,"y":380},{"x":1770,"y":410},{"x":1700,"y":410},{"x":1700,"y":430}],"counts":[1,1,1,1,1]},{"startIndex":3,"endIndex":4,"startConnectorIndex":1,"endConnectorIndex":0,"nodes":[{"x":1750,"y":450},{"x":1770,"y":450},{"x":1770,"y":490},{"x":1700,"y":490},{"x":1700,"y":510}],"counts":[1,1,1,1,1]},{"startIndex":3,"endIndex":5,"startConnectorIndex":3,"endConnectorIndex":0,"nodes":[{"x":1650,"y":450},{"x":1600,"y":450},{"x":1600,"y":570},{"x":1700,"y":570},{"x":1700,"y":590}],"counts":[1,1,1,1,1]},{"startIndex":1,"endIndex":6,"startConnectorIndex":2,"endConnectorIndex":0,"nodes":[{"x":1700,"y":260},{"x":1700,"y":280},{"x":1700,"y":300}],"counts":[1,1,1]},{"startIndex":0,"endIndex":1,"startConnectorIndex":2,"endConnectorIndex":0,"nodes":[{"x":1700,"y":195},{"x":1700,"y":200},{"x":1700,"y":220}],"counts":[1,1,1]},{"startIndex":2,"endIndex":7,"startConnectorIndex":3,"endConnectorIndex":0,"nodes":[{"x":1650,"y":380},{"x":1580,"y":380},{"x":1580,"y":700},{"x":1700,"y":700},{"x":1700,"y":715}],"counts":[1,1,1,1,1]},{"startIndex":5,"endIndex":6,"startConnectorIndex":2,"endConnectorIndex":0,"nodes":[{"x":1700,"y":630},{"x":1700,"y":660},{"x":1820,"y":660},{"x":1820,"y":280},{"x":1700,"y":280},{"x":1700,"y":300}],"counts":[1,1,1,1,1,1]}],"x0":-1781,"y0":-95.5}