{"blocks":[{"x":900,"y":100,"text":"Начало","width":100,"height":30,"type":"Начало / конец","isMenuBlock":false,"fontSize":14,"textHeight":14,"isBold":false,"isItalic":false,"textAlign":"center","labelsPosition":1},{"x":900,"y":230,"text":"Вывод первого значения","width":200,"height":40,"type":"Ввод / вывод","isMenuBlock":false,"fontSize":14,"textHeight":14,"isBold":false,"isItalic":false,"textAlign":"center","labelsPosition":1},{"x":900,"y":160,"text":"Задание первого \nзначения","width":160,"height":40,"type":"Блок","isMenuBlock":false,"fontSize":14,"textHeight":14,"isBold":false,"isItalic":false,"textAlign":"center","labelsPosition":1},{"x":900,"y":300,"text":"Задание второго \nзначения","width":160,"height":40,"type":"Блок","isMenuBlock":false,"fontSize":14,"textHeight":14,"isBold":false,"isItalic":false,"textAlign":"center","labelsPosition":1},{"x":900,"y":370,"text":"Вывод второго значения","width":200,"height":40,"type":"Ввод / вывод","isMenuBlock":false,"fontSize":14,"textHeight":14,"isBold":false,"isItalic":false,"textAlign":"center","labelsPosition":1},{"x":900,"y":440,"text":"i от 2 до 7","width":100,"height":40,"type":"Цикл for","isMenuBlock":false,"fontSize":14,"textHeight":14,"isBold":false,"isItalic":false,"textAlign":"center","labelsPosition":1},{"x":900,"y":500,"text":"i < 7","width":100,"height":40,"type":"Условие","isMenuBlock":false,"fontSize":14,"textHeight":14,"isBold":false,"isItalic":false,"textAlign":"center","labelsPosition":1},{"x":900,"y":590,"text":"Подсчет i_того \nзначения","width":160,"height":40,"type":"Блок","isMenuBlock":false,"fontSize":14,"textHeight":14,"isBold":false,"isItalic":false,"textAlign":"center","labelsPosition":1},{"x":900,"y":660,"text":"Вывод  i_того\nзначения","width":200,"height":40,"type":"Ввод / вывод","isMenuBlock":false,"fontSize":14,"textHeight":14,"isBold":false,"isItalic":false,"textAlign":"center","labelsPosition":1},{"x":900,"y":740,"text":"Конец","width":100,"height":30,"type":"Начало / конец","isMenuBlock":false,"fontSize":14,"textHeight":14,"isBold":false,"isItalic":false,"textAlign":"center","labelsPosition":1}],"arrows":[{"startIndex":0,"endIndex":2,"startConnectorIndex":2,"endConnectorIndex":0,"nodes":[{"x":900,"y":115},{"x":900,"y":120},{"x":900,"y":140}],"counts":[1,1,1]},{"startIndex":2,"endIndex":1,"startConnectorIndex":2,"endConnectorIndex":0,"nodes":[{"x":900,"y":180},{"x":900,"y":190},{"x":900,"y":210}],"counts":[1,1,1]},{"startIndex":1,"endIndex":3,"startConnectorIndex":2,"endConnectorIndex":0,"nodes":[{"x":900,"y":250},{"x":900,"y":260},{"x":900,"y":280}],"counts":[1,1,1]},{"startIndex":3,"endIndex":4,"startConnectorIndex":2,"endConnectorIndex":0,"nodes":[{"x":900,"y":320},{"x":900,"y":330},{"x":900,"y":350}],"counts":[1,1,1]},{"startIndex":4,"endIndex":5,"startConnectorIndex":2,"endConnectorIndex":0,"nodes":[{"x":900,"y":390},{"x":900,"y":400},{"x":900,"y":420}],"counts":[1,1,1]},{"startIndex":7,"endIndex":8,"startConnectorIndex":2,"endConnectorIndex":0,"nodes":[{"x":900,"y":610},{"x":900,"y":620},{"x":900,"y":640}],"counts":[1,1,1]},{"startIndex":5,"endIndex":6,"startConnectorIndex":2,"endConnectorIndex":0,"nodes":[{"x":900,"y":460},{"x":900,"y":460},{"x":900,"y":480}],"counts":[1,1,1]},{"startIndex":6,"endIndex":7,"startConnectorIndex":1,"endConnectorIndex":0,"nodes":[{"x":950,"y":500},{"x":970,"y":500},{"x":970,"y":540},{"x":900,"y":540},{"x":900,"y":570}],"counts":[1,1,1,1,1]},{"startIndex":6,"endIndex":9,"startConnectorIndex":3,"endConnectorIndex":0,"nodes":[{"x":850,"y":500},{"x":760,"y":500},{"x":760,"y":710},{"x":900,"y":710},{"x":900,"y":725}],"counts":[1,1,1,1,1]}],"x0":-375,"y0":-476.5}