{"blocks":[{"x":1700,"y":380,"text":"i < 6","width":100,"height":40,"type":"Условие","isMenuBlock":false,"fontSize":14,"textHeight":14,"isBold":false,"isItalic":false,"textAlign":"center","labelsPosition":1},{"x":1700,"y":450,"text":"i == 0","width":100,"height":40,"type":"Условие","isMenuBlock":false,"fontSize":14,"textHeight":14,"isBold":false,"isItalic":false,"textAlign":"center","labelsPosition":1},{"x":1700,"y":520,"text":"Вывод начальных \nзначений a b","width":160,"height":40,"type":"Ввод / вывод","isMenuBlock":false,"fontSize":14,"textHeight":14,"isBold":false,"isItalic":false,"textAlign":"center","labelsPosition":1},{"x":1700,"y":600,"text":"Подсчет новых значений\na_new = (a+b)/2, b_new = (sqrt(a*b))","width":240,"height":40,"type":"Блок","isMenuBlock":false,"fontSize":14,"textHeight":14,"isBold":false,"isItalic":false,"textAlign":"center","labelsPosition":1},{"x":1700,"y":660,"text":"Вывод новых значений a b, \na_new, b_new ","width":180,"height":40,"type":"Ввод / вывод","isMenuBlock":false,"fontSize":14,"textHeight":14,"isBold":false,"isItalic":false,"textAlign":"center","labelsPosition":1},{"x":1700,"y":720,"text":"Перезапись значений a, b\na = a_new, b=b_new","width":240,"height":40,"type":"Блок","isMenuBlock":false,"fontSize":14,"textHeight":14,"isBold":false,"isItalic":false,"textAlign":"center","labelsPosition":1},{"x":1700,"y":810,"text":"Конец","width":100,"height":30,"type":"Начало / конец","isMenuBlock":false,"fontSize":14,"textHeight":14,"isBold":false,"isItalic":false,"textAlign":"center","labelsPosition":1},{"x":1700,"y":180,"text":"Начало","width":100,"height":30,"type":"Начало / конец","isMenuBlock":false,"fontSize":14,"textHeight":14,"isBold":false,"isItalic":false,"textAlign":"center","labelsPosition":1},{"x":1700,"y":240,"text":"Здание начальных\nзначений a = 1000, b = 1","width":180,"height":40,"type":"Блок","isMenuBlock":false,"fontSize":14,"textHeight":14,"isBold":false,"isItalic":false,"textAlign":"center","labelsPosition":1},{"x":1700,"y":320,"text":"i от 0 до 6","width":100,"height":40,"type":"Цикл for","isMenuBlock":false,"fontSize":14,"textHeight":14,"isBold":false,"isItalic":false,"textAlign":"center","labelsPosition":1}],"arrows":[{"startIndex":9,"endIndex":0,"startConnectorIndex":2,"endConnectorIndex":0,"nodes":[{"x":1700,"y":340},{"x":1700,"y":340},{"x":1700,"y":360}],"counts":[1,1,1]},{"startIndex":0,"endIndex":1,"startConnectorIndex":1,"endConnectorIndex":0,"nodes":[{"x":1750,"y":380},{"x":1770,"y":380},{"x":1770,"y":410},{"x":1700,"y":410},{"x":1700,"y":430}],"counts":[1,1,1,1,1]},{"startIndex":1,"endIndex":2,"startConnectorIndex":1,"endConnectorIndex":0,"nodes":[{"x":1750,"y":450},{"x":1770,"y":450},{"x":1770,"y":480},{"x":1700,"y":480},{"x":1700,"y":500}],"counts":[1,1,1,1,1]},{"startIndex":8,"endIndex":9,"startConnectorIndex":2,"endConnectorIndex":0,"nodes":[{"x":1700,"y":260},{"x":1700,"y":280},{"x":1700,"y":300}],"counts":[1,1,1]},{"startIndex":7,"endIndex":8,"startConnectorIndex":2,"endConnectorIndex":0,"nodes":[{"x":1700,"y":195},{"x":1700,"y":200},{"x":1700,"y":220}],"counts":[1,1,1]},{"startIndex":1,"endIndex":3,"startConnectorIndex":3,"endConnectorIndex":0,"nodes":[{"x":1650,"y":450},{"x":1580,"y":450},{"x":1580,"y":560},{"x":1700,"y":560},{"x":1700,"y":580}],"counts":[1,1,1,1,1]},{"startIndex":3,"endIndex":4,"startConnectorIndex":2,"endConnectorIndex":0,"nodes":[{"x":1700,"y":620},{"x":1700,"y":620},{"x":1700,"y":640}],"counts":[1,1,1]},{"startIndex":4,"endIndex":5,"startConnectorIndex":2,"endConnectorIndex":0,"nodes":[{"x":1700,"y":680},{"x":1700,"y":680},{"x":1700,"y":700}],"counts":[1,1,1]},{"startIndex":5,"endIndex":9,"startConnectorIndex":2,"endConnectorIndex":0,"nodes":[{"x":1700,"y":740},{"x":1700,"y":760},{"x":1840,"y":760},{"x":1840,"y":280},{"x":1700,"y":280},{"x":1700,"y":300}],"counts":[1,1,1,1,1,1]},{"startIndex":0,"endIndex":6,"startConnectorIndex":3,"endConnectorIndex":0,"nodes":[{"x":1650,"y":380},{"x":1560,"y":380},{"x":1560,"y":780},{"x":1700,"y":780},{"x":1700,"y":795}],"counts":[1,1,1,1,1]},{"startIndex":2,"endIndex":9,"startConnectorIndex":2,"endConnectorIndex":0,"nodes":[{"x":1700,"y":540},{"x":1700,"y":550},{"x":1840,"y":550},{"x":1840,"y":280},{"x":1700,"y":280},{"x":1700,"y":300}],"counts":[1,1,1,1,1,1]}],"x0":-1666.3333333333335,"y0":-341.66666666666674}