{"blocks":[{"x":900,"y":100,"text":"Начало","width":100,"height":30,"type":"Начало / конец","isMenuBlock":false,"fontSize":14,"textHeight":14,"isBold":false,"isItalic":false,"textAlign":"center","labelsPosition":1},{"x":900,"y":220,"text":"i < 3","width":100,"height":40,"type":"Условие","isMenuBlock":false,"fontSize":14,"textHeight":14,"isBold":false,"isItalic":false,"textAlign":"center","labelsPosition":1},{"x":900,"y":300,"text":"Ввод очередной точки","width":180,"height":40,"type":"Ввод / вывод","isMenuBlock":false,"fontSize":14,"textHeight":14,"isBold":false,"isItalic":false,"textAlign":"center","labelsPosition":1},{"x":900,"y":160,"text":"i от 0 до 3","width":100,"height":40,"type":"Цикл for","isMenuBlock":false,"fontSize":14,"textHeight":14,"isBold":false,"isItalic":false,"textAlign":"center","labelsPosition":1},{"x":900,"y":440,"text":"i < 3","width":100,"height":40,"type":"Условие","isMenuBlock":false,"fontSize":14,"textHeight":14,"isBold":false,"isItalic":false,"textAlign":"center","labelsPosition":1},{"x":900,"y":530,"text":"Проверка очередной \nточки, ближе ли она к 0","width":200,"height":80,"type":"Условие","isMenuBlock":false,"fontSize":14,"textHeight":14,"isBold":false,"isItalic":false,"textAlign":"center","labelsPosition":1},{"x":900,"y":630,"text":"Найдена новая\nближайшая точка","width":140,"height":60,"type":"Блок","isMenuBlock":false,"fontSize":14,"textHeight":14,"isBold":false,"isItalic":false,"textAlign":"center","labelsPosition":1},{"x":900,"y":720,"text":"Вывод ближайшей к 0\nточки","width":180,"height":40,"type":"Ввод / вывод","isMenuBlock":false,"fontSize":14,"textHeight":14,"isBold":false,"isItalic":false,"textAlign":"center","labelsPosition":1},{"x":900,"y":780,"text":"Конец","width":100,"height":30,"type":"Начало / конец","isMenuBlock":false,"fontSize":14,"textHeight":14,"isBold":false,"isItalic":false,"textAlign":"center","labelsPosition":1},{"x":900,"y":380,"text":"i от 0 до 3","width":100,"height":40,"type":"Цикл for","isMenuBlock":false,"fontSize":14,"textHeight":14,"isBold":false,"isItalic":false,"textAlign":"center","labelsPosition":1}],"arrows":[{"startIndex":0,"endIndex":3,"startConnectorIndex":2,"endConnectorIndex":0,"nodes":[{"x":900,"y":115},{"x":900,"y":120},{"x":900,"y":140}],"counts":[1,1,1]},{"startIndex":3,"endIndex":1,"startConnectorIndex":2,"endConnectorIndex":0,"nodes":[{"x":900,"y":180},{"x":900,"y":180},{"x":900,"y":200}],"counts":[1,1,1]},{"startIndex":1,"endIndex":2,"startConnectorIndex":1,"endConnectorIndex":0,"nodes":[{"x":950,"y":220},{"x":970,"y":220},{"x":970,"y":260},{"x":900,"y":260},{"x":900,"y":280}],"counts":[1,1,1,1,1]},{"startIndex":1,"endIndex":9,"startConnectorIndex":3,"endConnectorIndex":0,"nodes":[{"x":850,"y":220},{"x":780,"y":220},{"x":780,"y":340},{"x":900,"y":340},{"x":900,"y":360}],"counts":[1,1,1,1,1]},{"startIndex":9,"endIndex":4,"startConnectorIndex":2,"endConnectorIndex":0,"nodes":[{"x":900,"y":400},{"x":900,"y":400},{"x":900,"y":420}],"counts":[1,1,1]},{"startIndex":4,"endIndex":5,"startConnectorIndex":1,"endConnectorIndex":0,"nodes":[{"x":950,"y":440},{"x":970,"y":440},{"x":970,"y":470},{"x":900,"y":470},{"x":900,"y":490}],"counts":[1,1,1,1,1]},{"startIndex":5,"endIndex":6,"startConnectorIndex":1,"endConnectorIndex":0,"nodes":[{"x":1000,"y":530},{"x":1020,"y":530},{"x":1020,"y":580},{"x":900,"y":580},{"x":900,"y":600}],"counts":[1,1,1,1,1]},{"startIndex":4,"endIndex":7,"startConnectorIndex":3,"endConnectorIndex":0,"nodes":[{"x":850,"y":440},{"x":780,"y":440},{"x":780,"y":680},{"x":900,"y":680},{"x":900,"y":700}],"counts":[1,1,1,1,1]},{"startIndex":7,"endIndex":8,"startConnectorIndex":2,"endConnectorIndex":0,"nodes":[{"x":900,"y":740},{"x":900,"y":750},{"x":900,"y":765}],"counts":[1,1,1]},{"startIndex":5,"endIndex":9,"startConnectorIndex":3,"endConnectorIndex":0,"nodes":[{"x":800,"y":530},{"x":760,"y":530},{"x":760,"y":340},{"x":900,"y":340},{"x":900,"y":360}],"counts":[1,1,1,1,1]}],"x0":60,"y0":-42}