{"blocks":[{"x":1700,"y":200,"text":"Начало","width":100,"height":30,"type":"Начало / конец","isMenuBlock":false,"fontSize":14,"textHeight":14,"isBold":false,"isItalic":false,"textAlign":"center","labelsPosition":1},{"x":1700,"y":260,"text":"Ввод координат точки\nx, y","width":180,"height":40,"type":"Ввод / вывод","isMenuBlock":false,"fontSize":14,"textHeight":14,"isBold":false,"isItalic":false,"textAlign":"center","labelsPosition":1},{"x":1700,"y":320,"text":"Ввод радиуса окружности\nR","width":180,"height":40,"type":"Ввод / вывод","isMenuBlock":false,"fontSize":14,"textHeight":14,"isBold":false,"isItalic":false,"textAlign":"center","labelsPosition":1},{"x":1700,"y":380,"text":"Подстановка в формулу","width":160,"height":40,"type":"Блок","isMenuBlock":false,"fontSize":14,"textHeight":14,"isBold":false,"isItalic":false,"textAlign":"center","labelsPosition":1},{"x":1700,"y":470,"text":"Точка входит \n в окружность\nи квадрат","width":180,"height":80,"type":"Условие","isMenuBlock":false,"fontSize":14,"textHeight":14,"isBold":false,"isItalic":false,"textAlign":"center","labelsPosition":1},{"x":1810,"y":540,"text":"Точка в искомом\nрегионе","width":160,"height":40,"type":"Ввод / вывод","isMenuBlock":false,"fontSize":14,"textHeight":14,"isBold":false,"isItalic":false,"textAlign":"center","labelsPosition":1},{"x":1590,"y":540,"text":"Точка вне искомого\nрегиона","width":160,"height":40,"type":"Ввод / вывод","isMenuBlock":false,"fontSize":14,"textHeight":14,"isBold":false,"isItalic":false,"textAlign":"center","labelsPosition":1},{"x":1700,"y":610,"text":"Конец","width":100,"height":30,"type":"Начало / конец","isMenuBlock":false,"fontSize":14,"textHeight":14,"isBold":false,"isItalic":false,"textAlign":"center","labelsPosition":1}],"arrows":[{"startIndex":0,"endIndex":1,"startConnectorIndex":2,"endConnectorIndex":0,"nodes":[{"x":1700,"y":215},{"x":1700,"y":220},{"x":1700,"y":240}],"counts":[1,1,1]},{"startIndex":1,"endIndex":2,"startConnectorIndex":2,"endConnectorIndex":0,"nodes":[{"x":1700,"y":280},{"x":1700,"y":280},{"x":1700,"y":300}],"counts":[1,1,1]},{"startIndex":2,"endIndex":3,"startConnectorIndex":2,"endConnectorIndex":0,"nodes":[{"x":1700,"y":340},{"x":1700,"y":340},{"x":1700,"y":360}],"counts":[1,1,1]},{"startIndex":3,"endIndex":4,"startConnectorIndex":2,"endConnectorIndex":0,"nodes":[{"x":1700,"y":400},{"x":1700,"y":410},{"x":1700,"y":430}],"counts":[1,1,1]},{"startIndex":4,"endIndex":5,"startConnectorIndex":1,"endConnectorIndex":0,"nodes":[{"x":1790,"y":470},{"x":1810,"y":470},{"x":1810,"y":500},{"x":1810,"y":520}],"counts":[1,1,1,1]},{"startIndex":4,"endIndex":6,"startConnectorIndex":3,"endConnectorIndex":0,"nodes":[{"x":1610,"y":470},{"x":1590,"y":470},{"x":1590,"y":500},{"x":1590,"y":520}],"counts":[1,1,1,1]},{"startIndex":5,"endIndex":7,"startConnectorIndex":2,"endConnectorIndex":0,"nodes":[{"x":1810,"y":560},{"x":1810,"y":580},{"x":1700,"y":580},{"x":1700,"y":595}],"counts":[1,1,1,1]},{"startIndex":6,"endIndex":7,"startConnectorIndex":2,"endConnectorIndex":0,"nodes":[{"x":1590,"y":560},{"x":1590,"y":580},{"x":1700,"y":580},{"x":1700,"y":595}],"counts":[1,1,1,1]}],"x0":-1781,"y0":-95.5}